{
  "hash": "9a6c72e3",
  "configHash": "e02623d4",
  "lockfileHash": "a031ee02",
  "browserHash": "f6af7c4b",
  "optimized": {
    "@angular/common": {
      "src": "../../../../../node_modules/@angular/common/fesm2022/common.mjs",
      "file": "@angular_common.js",
      "fileHash": "15d08013",
      "needsInterop": false
    },
    "@angular/core": {
      "src": "../../../../../node_modules/@angular/core/fesm2022/core.mjs",
      "file": "@angular_core.js",
      "fileHash": "104dd264",
      "needsInterop": false
    },
    "@angular/forms": {
      "src": "../../../../../node_modules/@angular/forms/fesm2022/forms.mjs",
      "file": "@angular_forms.js",
      "fileHash": "5b3a2ae7",
      "needsInterop": false
    },
    "@angular/platform-browser": {
      "src": "../../../../../node_modules/@angular/platform-browser/fesm2022/platform-browser.mjs",
      "file": "@angular_platform-browser.js",
      "fileHash": "cd45dda8",
      "needsInterop": false
    }
  },
  "chunks": {
    "chunk-ASWGWBBK": {
      "file": "chunk-ASWGWBBK.js"
    },
    "chunk-74SHBESK": {
      "file": "chunk-74SHBESK.js"
    }
  }
}